code,system
1567888,ICD10CM
1567888,ICD10CM
44822863,ICD10CM
44822863,ICD10CM
4033216,ICD10CM
438688,ICD10CM
438688,ICD10CM
4033216,ICD10CM
1567888,ICD10CM
1567888,ICD10CM
44822863,ICD10CM
44822863,ICD10CM
4033216,ICD10CM
438688,ICD10CM
438688,ICD10CM
4033216,ICD10CM
4006973,ICD10CM
4058697,ICD10CM
4006973,ICD10CM
4058697,ICD10CM
4006973,ICD10CM
4058697,ICD10CM
4006973,ICD10CM
4058697,ICD10CM
4008088,ICD10CM
4008088,ICD10CM
4008088,ICD10CM
4008088,ICD10CM
4008735,ICD10CM
4008735,ICD10CM
4008735,ICD10CM
4008735,ICD10CM
4031156,ICD10CM
4033330,ICD10CM
4031156,ICD10CM
4033330,ICD10CM
4031156,ICD10CM
4033330,ICD10CM
4031156,ICD10CM
4033330,ICD10CM
4033803,ICD10CM
4033803,ICD10CM
4033803,ICD10CM
4033803,ICD10CM
4033804,ICD10CM
4033804,ICD10CM
4033804,ICD10CM
4033804,ICD10CM
4033805,ICD10CM
4033805,ICD10CM
4033805,ICD10CM
4033805,ICD10CM
4045980,ICD10CM
4045980,ICD10CM
4045980,ICD10CM
4045980,ICD10CM
4051482,ICD10CM
4051482,ICD10CM
4051482,ICD10CM
4051482,ICD10CM
4051616,ICD10CM
4051616,ICD10CM
4051616,ICD10CM
4051616,ICD10CM
4066395,ICD10CM
4066395,ICD10CM
4066395,ICD10CM
4066395,ICD10CM
4072323,ICD10CM
4072323,ICD10CM
4072323,ICD10CM
4072323,ICD10CM
4086243,ICD10CM
4086243,ICD10CM
4086243,ICD10CM
4086243,ICD10CM
4093002,ICD10CM
4274184,ICD10CM
4274184,ICD10CM
4093002,ICD10CM
4093002,ICD10CM
4274184,ICD10CM
4274184,ICD10CM
4093002,ICD10CM
4105018,ICD10CM
4105018,ICD10CM
4105018,ICD10CM
4105018,ICD10CM
4105025,ICD10CM
4121276,ICD10CM
4105025,ICD10CM
4121276,ICD10CM
4105025,ICD10CM
4121276,ICD10CM
4105025,ICD10CM
4121276,ICD10CM
4111541,ICD10CM
4111541,ICD10CM
4111541,ICD10CM
4111541,ICD10CM
4119448,ICD10CM
4119935,ICD10CM
4124546,ICD10CM
4124671,ICD10CM
4124546,ICD10CM
4124671,ICD10CM
4119448,ICD10CM
4119935,ICD10CM
4119448,ICD10CM
4119935,ICD10CM
4124546,ICD10CM
4124671,ICD10CM
4124546,ICD10CM
4124671,ICD10CM
4119448,ICD10CM
4119935,ICD10CM
4119929,ICD10CM
4119929,ICD10CM
4119929,ICD10CM
4119929,ICD10CM
4119936,ICD10CM
4119936,ICD10CM
4119936,ICD10CM
4119936,ICD10CM
4120273,ICD10CM
4120273,ICD10CM
4120273,ICD10CM
4120273,ICD10CM
4121277,ICD10CM
4121277,ICD10CM
4121277,ICD10CM
4121277,ICD10CM
4123081,ICD10CM
4123081,ICD10CM
4123081,ICD10CM
4123081,ICD10CM
4123082,ICD10CM
4123082,ICD10CM
4123082,ICD10CM
4123082,ICD10CM
4124672,ICD10CM
4124672,ICD10CM
4124672,ICD10CM
4124672,ICD10CM
4125661,ICD10CM
4125661,ICD10CM
4125661,ICD10CM
4125661,ICD10CM
4125792,ICD10CM
4125792,ICD10CM
4125792,ICD10CM
4125792,ICD10CM
4125793,ICD10CM
4125793,ICD10CM
4125793,ICD10CM
4125793,ICD10CM
4149473,ICD10CM
4149473,ICD10CM
4149473,ICD10CM
4149473,ICD10CM
4185066,ICD10CM
4185066,ICD10CM
4185066,ICD10CM
4185066,ICD10CM
4185547,ICD10CM
4214896,ICD10CM
4297642,ICD10CM
4185547,ICD10CM
4214896,ICD10CM
4297642,ICD10CM
4185547,ICD10CM
4214896,ICD10CM
4297642,ICD10CM
4185547,ICD10CM
4214896,ICD10CM
4297642,ICD10CM
4185737,ICD10CM
4185737,ICD10CM
4185737,ICD10CM
4185737,ICD10CM
4216556,ICD10CM
4216556,ICD10CM
4216556,ICD10CM
4216556,ICD10CM
4235583,ICD10CM
4235583,ICD10CM
4235583,ICD10CM
4235583,ICD10CM
4243336,ICD10CM
4243336,ICD10CM
4243336,ICD10CM
4243336,ICD10CM
4270858,ICD10CM
4270858,ICD10CM
4270858,ICD10CM
4270858,ICD10CM
4290339,ICD10CM
4290339,ICD10CM
4290339,ICD10CM
4290339,ICD10CM
4292359,ICD10CM
4292359,ICD10CM
4292359,ICD10CM
4292359,ICD10CM
4292360,ICD10CM
4292360,ICD10CM
4292360,ICD10CM
4292360,ICD10CM
4297510,ICD10CM
4297510,ICD10CM
4297510,ICD10CM
4297510,ICD10CM
4297511,ICD10CM
4297511,ICD10CM
4297511,ICD10CM
4297511,ICD10CM
4312366,ICD10CM
4312366,ICD10CM
4312366,ICD10CM
4312366,ICD10CM
4316078,ICD10CM
4316078,ICD10CM
4316078,ICD10CM
4316078,ICD10CM
4326751,ICD10CM
4326751,ICD10CM
4326751,ICD10CM
4326751,ICD10CM
4334723,ICD10CM
4334723,ICD10CM
4334723,ICD10CM
4334723,ICD10CM
44783637,ICD10CM
44783637,ICD10CM
44783637,ICD10CM
44783637,ICD10CM
45768742,ICD10CM
45768742,ICD10CM
45768742,ICD10CM
45768742,ICD10CM